﻿<?xml version="1.0" encoding="utf-8"?>
<Defs>
	
	<!--===================== Concepts taught through the learning readout, when opportunities arise ===================-->
    
  <ConceptDef>
    <defName>QRY_ReclaimingSoil</defName>
    <label>Reclaim soil</label>
    <priority>50</priority>
    <needsOpportunity>True</needsOpportunity>
    <helpText>Once the quarry has been deconstructed, you can use the Smooth Floor tool to designate colonists to cover the old ground with soil in order to get a usable terrain where the quarry once was.</helpText>
    <highlightTags>
      <li>MainTab-Architect-Closed</li>
      <li>DesignationCategoryButton-Floors-Closed</li>
      <li>Designator-DesignatorSmoothFloor</li>
    </highlightTags>
  </ConceptDef>

</Defs>