﻿<?xml version="1.0" encoding="utf-8" ?>
<Defs>
	<TerrainDef>
		<defName>QRY_QuarriedGround</defName>
		<label>quarried ground</label>
		<texturePath>Cupro/Terrain/QuarriedGround</texturePath>
		<edgeType>FadeRough</edgeType>
		<renderPrecedence>398</renderPrecedence>
		<pathCost>2</pathCost>
		<statBases>
			<Beauty>-5</Beauty>
			<Cleanliness>-2</Cleanliness>
		</statBases>
		<affordances>
			<li>Light</li>
			<li>Heavy</li>
			<li>SmoothableStone</li>
		</affordances>
		<smoothedTerrain>QRY_ReclaimedSoil</smoothedTerrain>
		<terrainFilthDef>FilthDirt</terrainFilthDef>
		<fertility>0</fertility>
		<takeFootprints>false</takeFootprints>
		<acceptFilth>true</acceptFilth>
		<avoidWander>true</avoidWander>
		<holdSnow>true</holdSnow>
	</TerrainDef>
	<TerrainDef>
		<defName>QRY_QuarriedGroundWall</defName>
		<label>quarried ground</label>
		<texturePath>Cupro/Terrain/QuarriedGround</texturePath>
		<edgeType>FadeRough</edgeType>
		<renderPrecedence>399</renderPrecedence>
		<pathCost>70</pathCost>
		<statBases>
			<Beauty>-5</Beauty>
			<Cleanliness>-2</Cleanliness>
		</statBases>
		<terrainFilthDef>FilthDirt</terrainFilthDef>
		<fertility>0</fertility>
		<takeFootprints>false</takeFootprints>
		<acceptFilth>true</acceptFilth>
		<avoidWander>true</avoidWander>
	</TerrainDef>
	<TerrainDef>
		<defName>QRY_ReclaimedSoil</defName>
		<label>reclaimed soil</label>
		<texturePath>Cupro/Terrain/ReclaimedSoil</texturePath>
		<edgeType>FadeRough</edgeType>
		<renderPrecedence>359</renderPrecedence>
		<pathCost>2</pathCost>
		<statBases>
			<Beauty>-1</Beauty>
			<Cleanliness>-1</Cleanliness>
		</statBases>
		<affordances>
			<li>Light</li>
			<li>Heavy</li>
			<li>GrowSoil</li>
		</affordances>
		<terrainFilthDef>FilthDirt</terrainFilthDef>
		<fertility>0.7</fertility>
		<takeFootprints>True</takeFootprints>
	</TerrainDef>
</Defs>